cart_id,customer_id,status,stage,value,items,updated_at
cart_00001,C0004,abandoned,checkout,5298,"[{""product_id"": ""P006"", ""name"": ""Handloom Saree"", ""qty"": 1, ""price"": 3999}, {""product_id"": ""P019"", ""name"": ""Neckband"", ""qty"": 1, ""price"": 1299}]",2026-09-12T19:00:00
cart_00002,C0005,abandoned,cart,3798,"[{""product_id"": ""P007"", ""name"": ""Hoodie"", ""qty"": 2, ""price"": 1899}]",2026-09-15T11:00:00
cart_00003,C0007,abandoned,payment_failed,3745,"[{""product_id"": ""P030"", ""name"": ""A2 Ghee 1L"", ""qty"": 2, ""price"": 1199}, {""product_id"": ""P027"", ""name"": ""Assam Tea 500g"", ""qty"": 2, ""price"": 399}, {""product_id"": ""P029"", ""name"": ""Organic Honey"", ""qty"": 1, ""price"": 549}]",2026-09-17T19:00:00
cart_00004,C0012,abandoned,cart,2597,"[{""product_id"": ""P021"", ""name"": ""Cotton Bedsheet"", ""qty"": 1, ""price"": 1399}, {""product_id"": ""P002"", ""name"": ""Cotton Tee"", ""qty"": 2, ""price"": 599}]",2026-09-22T06:00:00
cart_00005,C0019,abandoned,payment_failed,5196,"[{""product_id"": ""P020"", ""name"": ""Brass Diya Set"", ""qty"": 2, ""price"": 999}, {""product_id"": ""P016"", ""name"": ""Power Bank 20k"", ""qty"": 2, ""price"": 1599}]",2026-09-16T13:00:00
cart_00006,C0028,abandoned,cart,299,"[{""product_id"": ""P013"", ""name"": ""Face Wash"", ""qty"": 1, ""price"": 299}]",2026-09-24T09:00:00
cart_00007,C0029,abandoned,checkout,3999,"[{""product_id"": ""P006"", ""name"": ""Handloom Saree"", ""qty"": 1, ""price"": 3999}]",2026-09-17T16:00:00
cart_00008,C0035,abandoned,checkout,1946,"[{""product_id"": ""P029"", ""name"": ""Organic Honey"", ""qty"": 3, ""price"": 549}, {""product_id"": ""P013"", ""name"": ""Face Wash"", ""qty"": 1, ""price"": 299}]",2026-09-17T07:00:00
cart_00009,C0040,abandoned,cart,3597,"[{""product_id"": ""P004"", ""name"": ""Silk Dupatta"", ""qty"": 3, ""price"": 1199}]",2026-09-13T17:00:00
cart_00010,C0045,abandoned,cart,1348,"[{""product_id"": ""P002"", ""name"": ""Cotton Tee"", ""qty"": 1, ""price"": 599}, {""product_id"": ""P022"", ""name"": ""Ceramic Mug Set"", ""qty"": 1, ""price"": 749}]",2026-09-24T16:00:00
cart_00011,C0049,abandoned,cart,8996,"[{""product_id"": ""P005"", ""name"": ""Chino Trousers"", ""qty"": 2, ""price"": 1699}, {""product_id"": ""P003"", ""name"": ""Denim Jacket"", ""qty"": 2, ""price"": 2799}]",2026-09-17T13:00:00
cart_00012,C0059,abandoned,cart,4997,"[{""product_id"": ""P016"", ""name"": ""Power Bank 20k"", ""qty"": 1, ""price"": 1599}, {""product_id"": ""P014"", ""name"": ""Wireless Earbuds"", ""qty"": 1, ""price"": 2499}, {""product_id"": ""P018"", ""name"": ""USB-C Charger"", ""qty"": 1, ""price"": 899}]",2026-09-19T19:00:00
cart_00013,C0069,abandoned,checkout,1847,"[{""product_id"": ""P022"", ""name"": ""Ceramic Mug Set"", ""qty"": 1, ""price"": 749}, {""product_id"": ""P023"", ""name"": ""Scented Candle"", ""qty"": 2, ""price"": 549}]",2026-09-18T18:00:00
cart_00014,C0071,abandoned,cart,6597,"[{""product_id"": ""P014"", ""name"": ""Wireless Earbuds"", ""qty"": 2, ""price"": 2499}, {""product_id"": ""P016"", ""name"": ""Power Bank 20k"", ""qty"": 1, ""price"": 1599}]",2026-09-20T03:00:00
cart_00015,C0088,abandoned,cart,1299,"[{""product_id"": ""P010"", ""name"": ""Kumkumadi Oil"", ""qty"": 1, ""price"": 1299}]",2026-09-24T17:00:00
cart_00016,C0096,abandoned,cart,2299,"[{""product_id"": ""P024"", ""name"": ""Jute Rug"", ""qty"": 1, ""price"": 2299}]",2026-09-19T15:00:00
cart_00017,C0098,abandoned,checkout,1599,"[{""product_id"": ""P016"", ""name"": ""Power Bank 20k"", ""qty"": 1, ""price"": 1599}]",2026-09-12T17:00:00
cart_00018,C0099,abandoned,cart,3246,"[{""product_id"": ""P029"", ""name"": ""Organic Honey"", ""qty"": 1, ""price"": 549}, {""product_id"": ""P028"", ""name"": ""Trail Mix"", ""qty"": 1, ""price"": 299}, {""product_id"": ""P004"", ""name"": ""Silk Dupatta"", ""qty"": 2, ""price"": 1199}]",2026-09-14T12:00:00
cart_00019,C0100,abandoned,cart,2296,"[{""product_id"": ""P012"", ""name"": ""Hair Mask"", ""qty"": 2, ""price"": 649}, {""product_id"": ""P009"", ""name"": ""Sunscreen SPF50"", ""qty"": 2, ""price"": 499}]",2026-09-23T21:00:00
cart_00020,C0108,abandoned,payment_failed,798,"[{""product_id"": ""P027"", ""name"": ""Assam Tea 500g"", ""qty"": 2, ""price"": 399}]",2026-09-22T06:00:00
cart_00021,C0109,abandoned,payment_failed,899,"[{""product_id"": ""P018"", ""name"": ""USB-C Charger"", ""qty"": 1, ""price"": 899}]",2026-09-19T21:00:00
cart_00022,C0128,abandoned,checkout,1699,"[{""product_id"": ""P005"", ""name"": ""Chino Trousers"", ""qty"": 1, ""price"": 1699}]",2026-09-14T11:00:00
cart_00023,C0142,abandoned,payment_failed,379,"[{""product_id"": ""P031"", ""name"": ""Millet Muesli"", ""qty"": 1, ""price"": 379}]",2026-09-18T00:00:00
cart_00024,C0145,abandoned,cart,1199,"[{""product_id"": ""P004"", ""name"": ""Silk Dupatta"", ""qty"": 1, ""price"": 1199}]",2026-09-18T19:00:00
cart_00025,C0151,abandoned,cart,4597,"[{""product_id"": ""P004"", ""name"": ""Silk Dupatta"", ""qty"": 1, ""price"": 1199}, {""product_id"": ""P002"", ""name"": ""Cotton Tee"", ""qty"": 1, ""price"": 599}, {""product_id"": ""P003"", ""name"": ""Denim Jacket"", ""qty"": 1, ""price"": 2799}]",2026-09-17T21:00:00
cart_00026,C0155,abandoned,cart,7697,"[{""product_id"": ""P019"", ""name"": ""Neckband"", ""qty"": 1, ""price"": 1299}, {""product_id"": ""P015"", ""name"": ""Smart Watch"", ""qty"": 1, ""price"": 4999}, {""product_id"": ""P021"", ""name"": ""Cotton Bedsheet"", ""qty"": 1, ""price"": 1399}]",2026-09-21T07:00:00
cart_00027,C0162,abandoned,checkout,2199,"[{""product_id"": ""P017"", ""name"": ""Bluetooth Speaker"", ""qty"": 1, ""price"": 2199}]",2026-09-15T20:00:00
cart_00028,C0164,abandoned,cart,2097,"[{""product_id"": ""P009"", ""name"": ""Sunscreen SPF50"", ""qty"": 1, ""price"": 499}, {""product_id"": ""P008"", ""name"": ""Vitamin C Serum"", ""qty"": 2, ""price"": 799}]",2026-09-24T09:00:00
cart_00029,C0170,abandoned,payment_failed,1298,"[{""product_id"": ""P025"", ""name"": ""Copper Bottle"", ""qty"": 1, ""price"": 899}, {""product_id"": ""P027"", ""name"": ""Assam Tea 500g"", ""qty"": 1, ""price"": 399}]",2026-09-25T01:00:00
cart_00030,C0171,abandoned,cart,2598,"[{""product_id"": ""P019"", ""name"": ""Neckband"", ""qty"": 2, ""price"": 1299}]",2026-09-21T21:00:00
cart_00031,C0177,abandoned,cart,1699,"[{""product_id"": ""P005"", ""name"": ""Chino Trousers"", ""qty"": 1, ""price"": 1699}]",2026-09-18T23:00:00
cart_00032,C0179,abandoned,cart,299,"[{""product_id"": ""P013"", ""name"": ""Face Wash"", ""qty"": 1, ""price"": 299}]",2026-09-17T10:00:00
cart_00033,C0180,abandoned,cart,2299,"[{""product_id"": ""P024"", ""name"": ""Jute Rug"", ""qty"": 1, ""price"": 2299}]",2026-09-21T18:00:00
cart_00034,C0189,abandoned,cart,898,"[{""product_id"": ""P026"", ""name"": ""Cold Brew Coffee"", ""qty"": 2, ""price"": 449}]",2026-09-18T08:00:00
cart_00035,C0193,abandoned,cart,1647,"[{""product_id"": ""P012"", ""name"": ""Hair Mask"", ""qty"": 1, ""price"": 649}, {""product_id"": ""P009"", ""name"": ""Sunscreen SPF50"", ""qty"": 2, ""price"": 499}]",2026-09-14T14:00:00
cart_00036,C0201,abandoned,cart,998,"[{""product_id"": ""P009"", ""name"": ""Sunscreen SPF50"", ""qty"": 2, ""price"": 499}]",2026-09-18T23:00:00
cart_00037,C0204,abandoned,checkout,1199,"[{""product_id"": ""P030"", ""name"": ""A2 Ghee 1L"", ""qty"": 1, ""price"": 1199}]",2026-09-13T22:00:00
cart_00038,C0207,abandoned,cart,549,"[{""product_id"": ""P023"", ""name"": ""Scented Candle"", ""qty"": 1, ""price"": 549}]",2026-09-16T19:00:00
cart_00039,C0210,abandoned,checkout,1198,"[{""product_id"": ""P002"", ""name"": ""Cotton Tee"", ""qty"": 2, ""price"": 599}]",2026-09-18T00:00:00
cart_00040,C0212,abandoned,cart,1599,"[{""product_id"": ""P016"", ""name"": ""Power Bank 20k"", ""qty"": 1, ""price"": 1599}]",2026-09-19T17:00:00
cart_00041,C0214,abandoned,payment_failed,349,"[{""product_id"": ""P011"", ""name"": ""Lip Tint"", ""qty"": 1, ""price"": 349}]",2026-09-22T12:00:00
cart_00042,C0216,abandoned,cart,7896,"[{""product_id"": ""P024"", ""name"": ""Jute Rug"", ""qty"": 3, ""price"": 2299}, {""product_id"": ""P020"", ""name"": ""Brass Diya Set"", ""qty"": 1, ""price"": 999}]",2026-09-18T12:00:00
cart_00043,C0220,abandoned,cart,549,"[{""product_id"": ""P029"", ""name"": ""Organic Honey"", ""qty"": 1, ""price"": 549}]",2026-09-20T21:00:00
cart_00044,C0227,abandoned,payment_failed,2299,"[{""product_id"": ""P024"", ""name"": ""Jute Rug"", ""qty"": 1, ""price"": 2299}]",2026-09-15T17:00:00
cart_00045,C0228,abandoned,payment_failed,3999,"[{""product_id"": ""P006"", ""name"": ""Handloom Saree"", ""qty"": 1, ""price"": 3999}]",2026-09-15T14:00:00
cart_00046,C0232,abandoned,cart,799,"[{""product_id"": ""P008"", ""name"": ""Vitamin C Serum"", ""qty"": 1, ""price"": 799}]",2026-09-21T11:00:00
cart_00047,C0236,abandoned,checkout,6746,"[{""product_id"": ""P021"", ""name"": ""Cotton Bedsheet"", ""qty"": 1, ""price"": 1399}, {""product_id"": ""P022"", ""name"": ""Ceramic Mug Set"", ""qty"": 1, ""price"": 749}, {""product_id"": ""P024"", ""name"": ""Jute Rug"", ""qty"": 2, ""price"": 2299}]",2026-09-26T01:00:00
cart_00048,C0247,abandoned,cart,3996,"[{""product_id"": ""P027"", ""name"": ""Assam Tea 500g"", ""qty"": 2, ""price"": 399}, {""product_id"": ""P016"", ""name"": ""Power Bank 20k"", ""qty"": 2, ""price"": 1599}]",2026-09-15T05:00:00
cart_00049,C0250,abandoned,cart,6997,"[{""product_id"": ""P021"", ""name"": ""Cotton Bedsheet"", ""qty"": 1, ""price"": 1399}, {""product_id"": ""P003"", ""name"": ""Denim Jacket"", ""qty"": 2, ""price"": 2799}]",2026-09-12T18:00:00
cart_00050,C0252,abandoned,cart,3497,"[{""product_id"": ""P030"", ""name"": ""A2 Ghee 1L"", ""qty"": 1, ""price"": 1199}, {""product_id"": ""P008"", ""name"": ""Vitamin C Serum"", ""qty"": 1, ""price"": 799}, {""product_id"": ""P001"", ""name"": ""Linen Kurta"", ""qty"": 1, ""price"": 1499}]",2026-09-22T09:00:00
cart_00051,C0257,abandoned,checkout,2278,"[{""product_id"": ""P031"", ""name"": ""Millet Muesli"", ""qty"": 1, ""price"": 379}, {""product_id"": ""P007"", ""name"": ""Hoodie"", ""qty"": 1, ""price"": 1899}]",2026-09-26T06:00:00
cart_00052,C0261,abandoned,checkout,3096,"[{""product_id"": ""P020"", ""name"": ""Brass Diya Set"", ""qty"": 2, ""price"": 999}, {""product_id"": ""P023"", ""name"": ""Scented Candle"", ""qty"": 2, ""price"": 549}]",2026-09-16T18:00:00
cart_00053,C0262,abandoned,payment_failed,2299,"[{""product_id"": ""P024"", ""name"": ""Jute Rug"", ""qty"": 1, ""price"": 2299}]",2026-09-23T14:00:00
cart_00054,C0263,abandoned,cart,3606,"[{""product_id"": ""P031"", ""name"": ""Millet Muesli"", ""qty"": 2, ""price"": 379}, {""product_id"": ""P023"", ""name"": ""Scented Candle"", ""qty"": 1, ""price"": 549}, {""product_id"": ""P024"", ""name"": ""Jute Rug"", ""qty"": 1, ""price"": 2299}]",2026-09-17T13:00:00
cart_00055,C0266,abandoned,checkout,299,"[{""product_id"": ""P013"", ""name"": ""Face Wash"", ""qty"": 1, ""price"": 299}]",2026-09-22T06:00:00
cart_00056,C0272,abandoned,cart,2598,"[{""product_id"": ""P010"", ""name"": ""Kumkumadi Oil"", ""qty"": 2, ""price"": 1299}]",2026-09-13T19:00:00
cart_00057,C0295,abandoned,cart,649,"[{""product_id"": ""P012"", ""name"": ""Hair Mask"", ""qty"": 1, ""price"": 649}]",2026-09-20T05:00:00
cart_00058,C0298,abandoned,payment_failed,2097,"[{""product_id"": ""P008"", ""name"": ""Vitamin C Serum"", ""qty"": 2, ""price"": 799}, {""product_id"": ""P009"", ""name"": ""Sunscreen SPF50"", ""qty"": 1, ""price"": 499}]",2026-09-16T01:00:00
cart_00059,C0307,abandoned,payment_failed,698,"[{""product_id"": ""P011"", ""name"": ""Lip Tint"", ""qty"": 2, ""price"": 349}]",2026-09-18T05:00:00
cart_00060,C0312,abandoned,cart,9596,"[{""product_id"": ""P006"", ""name"": ""Handloom Saree"", ""qty"": 2, ""price"": 3999}, {""product_id"": ""P010"", ""name"": ""Kumkumadi Oil"", ""qty"": 1, ""price"": 1299}, {""product_id"": ""P013"", ""name"": ""Face Wash"", ""qty"": 1, ""price"": 299}]",2026-09-18T11:00:00
cart_00061,C0315,abandoned,checkout,799,"[{""product_id"": ""P008"", ""name"": ""Vitamin C Serum"", ""qty"": 1, ""price"": 799}]",2026-09-23T02:00:00
cart_00062,C0319,abandoned,cart,9998,"[{""product_id"": ""P015"", ""name"": ""Smart Watch"", ""qty"": 2, ""price"": 4999}]",2026-09-18T11:00:00
