customer_id,customer_name,city,email,phone,signup_date,marketing_opt_in
C0001,Atharv Verma,Pune,atharv.verma1@example.in,+91 9241578247,2025-11-24,True
C0002,Anika Menon,Jaipur,anika.menon2@example.in,+91 9533778941,2025-10-16,True
C0003,Vivaan Singh,Kolkata,vivaan.singh3@example.in,+91 9648293394,2025-11-10,True
C0004,Diya Rao,Ahmedabad,diya.rao4@example.in,+91 9626827456,2025-11-16,True
C0005,Myra Gupta,Jaipur,myra.gupta5@example.in,+91 9591929863,2026-01-15,True
C0006,Priya Kulkarni,Kochi,priya.kulkarni6@example.in,+91 9340594559,2026-01-27,True
C0007,Nikhil Chopra,Mumbai,nikhil.chopra7@example.in,+91 9978329747,2026-08-05,True
C0008,Rahul Singh,Hyderabad,rahul.singh8@example.in,+91 9579637264,2025-10-16,True
C0009,Meera Mehta,Hyderabad,meera.mehta9@example.in,+91 9500492618,2025-09-29,True
C0010,Navya Pillai,Jaipur,navya.pillai10@example.in,+91 9388984286,2025-10-28,True
C0011,Ayaan Iyer,Kolkata,ayaan.iyer11@example.in,+91 9660186191,2025-10-20,True
C0012,Tara Sharma,Bengaluru,tara.sharma12@example.in,+91 9805401105,2026-08-20,True
C0013,Tara Sharma,Bengaluru,tara.sharma13@example.in,+91 9399942998,2026-01-19,True
C0014,Arjun Bose,Pune,arjun.bose14@example.in,+91 9366687077,2026-01-19,True
C0015,Aarav Singh,Bengaluru,aarav.singh15@example.in,+91 9319933447,2025-10-29,True
C0016,Krishna Menon,Mumbai,krishna.menon16@example.in,+91 9604982226,2026-01-28,True
C0017,Tara Menon,Bengaluru,tara.menon17@example.in,+91 9444669187,2025-11-16,True
C0018,Krishna Verma,Pune,krishna.verma18@example.in,+91 9732000043,2025-11-23,False
C0019,Anika Mehta,Kochi,anika.mehta19@example.in,+91 9997590310,2026-08-20,True
C0020,Ira Patel,Ahmedabad,ira.patel20@example.in,+91 9515822206,2025-10-12,True
C0021,Vismaya Patel,Mumbai,vismaya.patel21@example.in,+91 9968049276,2025-11-15,True
C0022,Diya Shah,Bengaluru,diya.shah22@example.in,+91 9375383823,2025-10-17,False
C0023,Vismaya Iyer,Kolkata,vismaya.iyer23@example.in,+91 9849196489,2025-10-22,True
C0024,Reyansh Verma,Ahmedabad,reyansh.verma24@example.in,+91 9815780826,2025-09-23,True
C0025,Riya Reddy,Delhi,riya.reddy25@example.in,+91 9130814921,2025-11-28,True
C0026,Aadhya Nair,Mumbai,aadhya.nair26@example.in,+91 9971770859,2025-11-19,True
C0027,Tara Verma,Mumbai,tara.verma27@example.in,+91 9776513539,2025-09-16,True
C0028,Saanvi Joshi,Hyderabad,saanvi.joshi28@example.in,+91 9700192866,2025-10-22,False
C0029,Aditi Singh,Delhi,aditi.singh29@example.in,+91 9503794636,2026-08-03,True
C0030,Aditi Kapoor,Hyderabad,aditi.kapoor30@example.in,+91 9128167567,2026-01-27,True
C0031,Nikhil Joshi,Jaipur,nikhil.joshi31@example.in,+91 9618994533,2025-09-12,True
C0032,Meera Kulkarni,Pune,meera.kulkarni32@example.in,+91 9915134427,2025-09-19,True
C0033,Riya Chopra,Delhi,riya.chopra33@example.in,+91 9379566515,2025-09-11,True
C0034,Aadhya Katkar,Pune,aadhya.katkar34@example.in,+91 9997020011,2025-11-25,True
C0035,Aarav Kulkarni,Ahmedabad,aarav.kulkarni35@example.in,+91 9286114695,2025-10-14,True
C0036,Sara Gupta,Chennai,sara.gupta36@example.in,+91 9965428076,2025-10-17,True
C0037,Priya Reddy,Hyderabad,priya.reddy37@example.in,+91 9790271370,2025-10-14,True
C0038,Isha Pillai,Mumbai,isha.pillai38@example.in,+91 9987986483,2026-08-10,False
C0039,Pari Katkar,Pune,pari.katkar39@example.in,+91 9555756566,2026-01-23,True
C0040,Ayaan Joshi,Ahmedabad,ayaan.joshi40@example.in,+91 9836189209,2026-01-17,True
C0041,Aarav Chopra,Chennai,aarav.chopra41@example.in,+91 9173717359,2025-09-21,True
C0042,Rohan Kulkarni,Bengaluru,rohan.kulkarni42@example.in,+91 9295827904,2025-10-13,True
C0043,Priya Katkar,Ahmedabad,priya.katkar43@example.in,+91 9305128661,2025-09-23,True
C0044,Ananya Joshi,Ahmedabad,ananya.joshi44@example.in,+91 9912393729,2025-09-24,True
C0045,Navya Desai,Ahmedabad,navya.desai45@example.in,+91 9699650844,2026-08-05,True
C0046,Karan Iyer,Pune,karan.iyer46@example.in,+91 9343841162,2025-09-18,True
C0047,Meera Mehta,Kolkata,meera.mehta47@example.in,+91 9802119435,2026-08-07,True
C0048,Sara Menon,Chennai,sara.menon48@example.in,+91 9885752879,2025-09-13,True
C0049,Meera Reddy,Kolkata,meera.reddy49@example.in,+91 9229386279,2025-11-22,True
C0050,Pooja Mehta,Jaipur,pooja.mehta50@example.in,+91 9661336992,2026-08-10,True
C0051,Meera Iyer,Kolkata,meera.iyer51@example.in,+91 9484596052,2025-11-18,True
C0052,Rohan Sharma,Kolkata,rohan.sharma52@example.in,+91 9622311692,2026-01-18,True
C0053,Vivaan Katkar,Kochi,vivaan.katkar53@example.in,+91 9846862844,2025-11-15,True
C0054,Krishna Verma,Hyderabad,krishna.verma54@example.in,+91 9774721771,2026-01-17,True
C0055,Ayaan Bose,Chennai,ayaan.bose55@example.in,+91 9608352952,2026-01-27,False
C0056,Saanvi Kulkarni,Ahmedabad,saanvi.kulkarni56@example.in,+91 9340689657,2026-01-13,True
C0057,Aditya Nair,Hyderabad,aditya.nair57@example.in,+91 9889394664,2025-09-21,True
C0058,Sneha Sharma,Jaipur,sneha.sharma58@example.in,+91 9349579970,2025-11-11,True
C0059,Pari Gupta,Kolkata,pari.gupta59@example.in,+91 9901946714,2026-01-27,True
C0060,Rahul Shah,Kolkata,rahul.shah60@example.in,+91 9200104326,2025-10-27,True
C0061,Tara Shah,Jaipur,tara.shah61@example.in,+91 9411032810,2026-01-23,True
C0062,Myra Sharma,Pune,myra.sharma62@example.in,+91 9193597299,2025-10-19,True
C0063,Kavya Verma,Ahmedabad,kavya.verma63@example.in,+91 9270758929,2026-01-25,True
C0064,Pari Iyer,Hyderabad,pari.iyer64@example.in,+91 9956429839,2025-11-19,True
C0065,Ayaan Kulkarni,Mumbai,ayaan.kulkarni65@example.in,+91 9637043375,2026-01-29,True
C0066,Kavya Sharma,Kolkata,kavya.sharma66@example.in,+91 9664114391,2025-10-14,True
C0067,Pari Patel,Bengaluru,pari.patel67@example.in,+91 9388875017,2025-11-15,True
C0068,Navya Shah,Delhi,navya.shah68@example.in,+91 9776449948,2026-01-29,False
C0069,Neha Nair,Ahmedabad,neha.nair69@example.in,+91 9481278087,2025-09-19,True
C0070,Pari Verma,Bengaluru,pari.verma70@example.in,+91 9800802265,2025-10-20,True
C0071,Dhruv Desai,Pune,dhruv.desai71@example.in,+91 9520159216,2026-01-11,True
C0072,Aditi Desai,Chennai,aditi.desai72@example.in,+91 9433980261,2025-11-17,True
C0073,Varun Chopra,Jaipur,varun.chopra73@example.in,+91 9599747667,2025-09-28,True
C0074,Myra Sharma,Ahmedabad,myra.sharma74@example.in,+91 9663369208,2025-10-28,True
C0075,Aadhya Bose,Delhi,aadhya.bose75@example.in,+91 9262397533,2026-08-20,True
C0076,Nikhil Iyer,Hyderabad,nikhil.iyer76@example.in,+91 9269035069,2025-10-18,True
C0077,Kavya Verma,Mumbai,kavya.verma77@example.in,+91 9896685977,2025-10-12,True
C0078,Pari Reddy,Kolkata,pari.reddy78@example.in,+91 9145364045,2026-08-05,True
C0079,Sara Pillai,Ahmedabad,sara.pillai79@example.in,+91 9688387847,2025-11-13,False
C0080,Varun Iyer,Jaipur,varun.iyer80@example.in,+91 9382921150,2025-10-21,True
C0081,Sara Patel,Chennai,sara.patel81@example.in,+91 9344892533,2025-10-24,True
C0082,Pari Kulkarni,Delhi,pari.kulkarni82@example.in,+91 9383987389,2026-01-25,True
C0083,Karan Singh,Jaipur,karan.singh83@example.in,+91 9279093316,2025-11-14,False
C0084,Ayaan Sharma,Hyderabad,ayaan.sharma84@example.in,+91 9926180789,2025-09-13,True
C0085,Myra Menon,Ahmedabad,myra.menon85@example.in,+91 9971781272,2025-10-19,False
C0086,Kabir Pillai,Ahmedabad,kabir.pillai86@example.in,+91 9268102441,2026-01-27,True
C0087,Saanvi Sharma,Pune,saanvi.sharma87@example.in,+91 9317342552,2025-10-16,True
C0088,Vihaan Verma,Bengaluru,vihaan.verma88@example.in,+91 9921327678,2026-01-12,True
C0089,Riya Kulkarni,Delhi,riya.kulkarni89@example.in,+91 9874436959,2025-09-30,True
C0090,Sara Mehta,Mumbai,sara.mehta90@example.in,+91 9499449914,2025-09-29,True
C0091,Karan Iyer,Chennai,karan.iyer91@example.in,+91 9313586470,2026-08-18,True
C0092,Isha Rao,Ahmedabad,isha.rao92@example.in,+91 9652363747,2026-01-15,True
C0093,Aditi Pillai,Jaipur,aditi.pillai93@example.in,+91 9511685871,2025-11-24,True
C0094,Vihaan Bose,Chennai,vihaan.bose94@example.in,+91 9673849317,2025-10-14,True
C0095,Ayaan Patel,Delhi,ayaan.patel95@example.in,+91 9608306415,2026-01-14,True
C0096,Aarav Nair,Delhi,aarav.nair96@example.in,+91 9985418113,2025-10-14,True
C0097,Tara Joshi,Kolkata,tara.joshi97@example.in,+91 9245231976,2025-11-26,True
C0098,Aadhya Reddy,Pune,aadhya.reddy98@example.in,+91 9433063128,2026-01-27,True
C0099,Ananya Kapoor,Bengaluru,ananya.kapoor99@example.in,+91 9531308786,2026-08-20,True
C0100,Rahul Gupta,Ahmedabad,rahul.gupta100@example.in,+91 9473660012,2026-01-14,True
C0101,Krishna Bose,Mumbai,krishna.bose101@example.in,+91 9961306898,2025-11-21,True
C0102,Aadhya Singh,Delhi,aadhya.singh102@example.in,+91 9426238564,2025-09-28,True
C0103,Saanvi Mehta,Bengaluru,saanvi.mehta103@example.in,+91 9989983937,2025-09-26,True
C0104,Ishaan Iyer,Hyderabad,ishaan.iyer104@example.in,+91 9801622489,2025-10-22,True
C0105,Vivaan Mehta,Bengaluru,vivaan.mehta105@example.in,+91 9575696711,2025-10-23,True
C0106,Karan Kapoor,Pune,karan.kapoor106@example.in,+91 9870510585,2026-08-10,True
C0107,Dhruv Rao,Pune,dhruv.rao107@example.in,+91 9328281006,2025-09-30,True
C0108,Vihaan Menon,Pune,vihaan.menon108@example.in,+91 9303358094,2025-10-18,True
C0109,Rohan Desai,Hyderabad,rohan.desai109@example.in,+91 9631262537,2025-11-15,True
C0110,Aditya Desai,Chennai,aditya.desai110@example.in,+91 9528353958,2025-09-27,False
C0111,Isha Nair,Bengaluru,isha.nair111@example.in,+91 9687853003,2025-10-12,True
C0112,Anika Reddy,Chennai,anika.reddy112@example.in,+91 9842283443,2025-10-19,True
C0113,Aadhya Sharma,Bengaluru,aadhya.sharma113@example.in,+91 9736291406,2025-10-14,True
C0114,Ira Mehta,Hyderabad,ira.mehta114@example.in,+91 9251873087,2026-08-12,True
C0115,Rohan Sharma,Ahmedabad,rohan.sharma115@example.in,+91 9810700607,2025-09-19,True
C0116,Ayaan Chopra,Mumbai,ayaan.chopra116@example.in,+91 9752580060,2025-11-20,True
C0117,Ananya Bose,Chennai,ananya.bose117@example.in,+91 9893018670,2025-11-19,True
C0118,Riya Patel,Pune,riya.patel118@example.in,+91 9778063156,2025-10-16,True
C0119,Karan Shah,Pune,karan.shah119@example.in,+91 9212809978,2026-01-29,True
C0120,Pari Kulkarni,Ahmedabad,pari.kulkarni120@example.in,+91 9964353263,2025-11-22,True
C0121,Ayaan Kulkarni,Bengaluru,ayaan.kulkarni121@example.in,+91 9103741937,2025-09-16,True
C0122,Krishna Iyer,Delhi,krishna.iyer122@example.in,+91 9374485421,2026-01-27,True
C0123,Aditya Nair,Hyderabad,aditya.nair123@example.in,+91 9401686967,2026-08-10,True
C0124,Rahul Bose,Ahmedabad,rahul.bose124@example.in,+91 9290431923,2026-01-11,True
C0125,Sara Menon,Mumbai,sara.menon125@example.in,+91 9939298548,2025-11-15,True
C0126,Myra Singh,Bengaluru,myra.singh126@example.in,+91 9124000014,2025-09-22,True
C0127,Rahul Reddy,Chennai,rahul.reddy127@example.in,+91 9108248153,2026-01-16,True
C0128,Meera Menon,Kolkata,meera.menon128@example.in,+91 9201146113,2025-11-13,True
C0129,Kavya Pillai,Delhi,kavya.pillai129@example.in,+91 9198578318,2025-11-19,True
C0130,Vihaan Kulkarni,Mumbai,vihaan.kulkarni130@example.in,+91 9807260212,2025-11-29,True
C0131,Ishaan Rao,Hyderabad,ishaan.rao131@example.in,+91 9282925725,2025-09-28,True
C0132,Pooja Sharma,Pune,pooja.sharma132@example.in,+91 9560490915,2025-11-20,True
C0133,Arjun Katkar,Kochi,arjun.katkar133@example.in,+91 9878890576,2026-08-21,True
C0134,Vihaan Desai,Mumbai,vihaan.desai134@example.in,+91 9307897772,2026-01-22,True
C0135,Kavya Desai,Kochi,kavya.desai135@example.in,+91 9851488195,2025-10-22,True
C0136,Ayaan Rao,Delhi,ayaan.rao136@example.in,+91 9684387622,2026-01-14,True
C0137,Krishna Mehta,Pune,krishna.mehta137@example.in,+91 9600260529,2026-08-17,True
C0138,Saanvi Bose,Hyderabad,saanvi.bose138@example.in,+91 9151170768,2025-11-11,True
C0139,Varun Reddy,Ahmedabad,varun.reddy139@example.in,+91 9872927168,2025-10-17,True
C0140,Kavya Kapoor,Kochi,kavya.kapoor140@example.in,+91 9830415689,2025-09-23,True
C0141,Anika Iyer,Kochi,anika.iyer141@example.in,+91 9589770530,2025-11-16,True
C0142,Rohan Joshi,Ahmedabad,rohan.joshi142@example.in,+91 9550355805,2026-08-13,True
C0143,Tanvi Shah,Chennai,tanvi.shah143@example.in,+91 9696986168,2026-01-16,True
C0144,Priya Patel,Hyderabad,priya.patel144@example.in,+91 9506800127,2026-01-16,True
C0145,Vismaya Mehta,Pune,vismaya.mehta145@example.in,+91 9154093696,2025-10-18,True
C0146,Aditi Shah,Kochi,aditi.shah146@example.in,+91 9976220200,2025-10-12,True
C0147,Atharv Patel,Kochi,atharv.patel147@example.in,+91 9268561966,2026-01-11,True
C0148,Sai Singh,Jaipur,sai.singh148@example.in,+91 9623773685,2025-11-12,True
C0149,Diya Joshi,Mumbai,diya.joshi149@example.in,+91 9197726694,2025-11-14,True
C0150,Kabir Desai,Mumbai,kabir.desai150@example.in,+91 9974765041,2025-10-26,True
C0151,Sai Rao,Kolkata,sai.rao151@example.in,+91 9533743790,2025-10-29,True
C0152,Kabir Nair,Kolkata,kabir.nair152@example.in,+91 9676108965,2025-09-22,True
C0153,Kavya Katkar,Bengaluru,kavya.katkar153@example.in,+91 9146676774,2025-10-01,True
C0154,Navya Patel,Bengaluru,navya.patel154@example.in,+91 9767707108,2025-11-10,True
C0155,Rahul Shah,Jaipur,rahul.shah155@example.in,+91 9634622780,2025-11-28,True
C0156,Atharv Iyer,Mumbai,atharv.iyer156@example.in,+91 9265404480,2025-10-25,True
C0157,Neha Mehta,Hyderabad,neha.mehta157@example.in,+91 9495504093,2025-09-20,True
C0158,Vihaan Shah,Mumbai,vihaan.shah158@example.in,+91 9340854101,2026-01-25,True
C0159,Diya Sharma,Jaipur,diya.sharma159@example.in,+91 9806750821,2025-10-22,True
C0160,Ishaan Bose,Kolkata,ishaan.bose160@example.in,+91 9581913499,2025-09-28,True
C0161,Anika Nair,Kolkata,anika.nair161@example.in,+91 9134739286,2025-10-26,True
C0162,Dhruv Gupta,Kochi,dhruv.gupta162@example.in,+91 9786531095,2025-10-26,True
C0163,Pari Gupta,Pune,pari.gupta163@example.in,+91 9521856252,2025-10-20,True
C0164,Anika Joshi,Jaipur,anika.joshi164@example.in,+91 9814257532,2026-08-04,True
C0165,Neha Pillai,Jaipur,neha.pillai165@example.in,+91 9518487714,2025-09-30,True
C0166,Ishaan Gupta,Mumbai,ishaan.gupta166@example.in,+91 9154249757,2026-01-18,True
C0167,Ayaan Nair,Mumbai,ayaan.nair167@example.in,+91 9354864681,2025-11-30,True
C0168,Atharv Bose,Bengaluru,atharv.bose168@example.in,+91 9761270293,2025-10-19,True
C0169,Tanvi Iyer,Mumbai,tanvi.iyer169@example.in,+91 9708369575,2026-01-15,True
C0170,Saanvi Iyer,Kolkata,saanvi.iyer170@example.in,+91 9572516486,2025-11-29,True
C0171,Navya Joshi,Delhi,navya.joshi171@example.in,+91 9754818076,2025-11-14,True
C0172,Aditya Rao,Jaipur,aditya.rao172@example.in,+91 9430800446,2025-09-17,True
C0173,Atharv Joshi,Chennai,atharv.joshi173@example.in,+91 9253644472,2026-01-22,True
C0174,Tanvi Kulkarni,Bengaluru,tanvi.kulkarni174@example.in,+91 9289807574,2026-01-19,True
C0175,Kavya Katkar,Hyderabad,kavya.katkar175@example.in,+91 9806785193,2026-01-28,True
C0176,Kavya Pillai,Chennai,kavya.pillai176@example.in,+91 9467915160,2025-10-26,True
C0177,Vivaan Patel,Kochi,vivaan.patel177@example.in,+91 9819511099,2025-09-19,True
C0178,Atharv Sharma,Chennai,atharv.sharma178@example.in,+91 9835272206,2025-10-18,True
C0179,Ishaan Sharma,Mumbai,ishaan.sharma179@example.in,+91 9577584161,2026-01-21,True
C0180,Ayaan Menon,Chennai,ayaan.menon180@example.in,+91 9849855736,2025-11-19,True
C0181,Vismaya Iyer,Chennai,vismaya.iyer181@example.in,+91 9742784994,2025-11-21,True
C0182,Vihaan Nair,Ahmedabad,vihaan.nair182@example.in,+91 9988846631,2025-09-23,True
C0183,Vivaan Joshi,Pune,vivaan.joshi183@example.in,+91 9600130374,2026-08-08,True
C0184,Ayaan Chopra,Ahmedabad,ayaan.chopra184@example.in,+91 9712875728,2026-01-11,True
C0185,Aarav Kulkarni,Kolkata,aarav.kulkarni185@example.in,+91 9474440228,2025-10-22,True
C0186,Karan Mehta,Hyderabad,karan.mehta186@example.in,+91 9989959675,2026-08-02,True
C0187,Sneha Desai,Jaipur,sneha.desai187@example.in,+91 9219203246,2026-01-25,True
C0188,Myra Joshi,Hyderabad,myra.joshi188@example.in,+91 9858170846,2026-08-14,True
C0189,Ira Katkar,Bengaluru,ira.katkar189@example.in,+91 9237419352,2026-01-27,False
C0190,Ira Nair,Mumbai,ira.nair190@example.in,+91 9164545398,2026-01-18,True
C0191,Sara Shah,Chennai,sara.shah191@example.in,+91 9121748517,2025-10-31,True
C0192,Varun Chopra,Bengaluru,varun.chopra192@example.in,+91 9760380678,2025-09-12,True
C0193,Rahul Bose,Kolkata,rahul.bose193@example.in,+91 9943377498,2025-10-18,True
C0194,Vihaan Gupta,Jaipur,vihaan.gupta194@example.in,+91 9154696745,2025-10-21,True
C0195,Vihaan Kulkarni,Pune,vihaan.kulkarni195@example.in,+91 9238231447,2026-08-02,False
C0196,Riya Bose,Ahmedabad,riya.bose196@example.in,+91 9618737431,2025-10-22,True
C0197,Rahul Reddy,Delhi,rahul.reddy197@example.in,+91 9837304220,2025-10-27,True
C0198,Aarav Singh,Mumbai,aarav.singh198@example.in,+91 9556816156,2025-11-17,True
C0199,Myra Kapoor,Hyderabad,myra.kapoor199@example.in,+91 9309889333,2026-01-11,True
C0200,Tanvi Shah,Delhi,tanvi.shah200@example.in,+91 9277550655,2026-08-18,True
C0201,Rohan Mehta,Bengaluru,rohan.mehta201@example.in,+91 9900725421,2025-10-23,True
C0202,Rahul Mehta,Bengaluru,rahul.mehta202@example.in,+91 9419811618,2025-11-13,True
C0203,Aditi Verma,Kochi,aditi.verma203@example.in,+91 9181553251,2025-09-22,True
C0204,Aadhya Pillai,Bengaluru,aadhya.pillai204@example.in,+91 9789419727,2025-09-20,True
C0205,Saanvi Gupta,Chennai,saanvi.gupta205@example.in,+91 9774067466,2026-08-06,True
C0206,Priya Rao,Mumbai,priya.rao206@example.in,+91 9652625394,2026-08-21,True
C0207,Vivaan Reddy,Ahmedabad,vivaan.reddy207@example.in,+91 9732832793,2026-08-09,True
C0208,Dhruv Rao,Kochi,dhruv.rao208@example.in,+91 9569631878,2025-11-18,True
C0209,Myra Kapoor,Ahmedabad,myra.kapoor209@example.in,+91 9937409392,2025-09-19,True
C0210,Riya Pillai,Jaipur,riya.pillai210@example.in,+91 9781284355,2025-09-23,True
C0211,Anika Joshi,Bengaluru,anika.joshi211@example.in,+91 9631720745,2025-09-19,True
C0212,Myra Kapoor,Hyderabad,myra.kapoor212@example.in,+91 9382854211,2025-10-23,True
C0213,Sneha Rao,Mumbai,sneha.rao213@example.in,+91 9787579260,2026-01-24,True
C0214,Ishaan Bose,Kochi,ishaan.bose214@example.in,+91 9514392251,2025-11-21,False
C0215,Vismaya Bose,Mumbai,vismaya.bose215@example.in,+91 9316043405,2025-09-28,True
C0216,Neha Kulkarni,Bengaluru,neha.kulkarni216@example.in,+91 9190944138,2026-08-06,True
C0217,Pooja Pillai,Jaipur,pooja.pillai217@example.in,+91 9311183210,2025-11-18,True
C0218,Sneha Iyer,Kochi,sneha.iyer218@example.in,+91 9483835979,2025-09-14,True
C0219,Varun Iyer,Jaipur,varun.iyer219@example.in,+91 9871044161,2025-11-16,True
C0220,Ayaan Patel,Hyderabad,ayaan.patel220@example.in,+91 9136027631,2025-10-12,True
C0221,Meera Kapoor,Kochi,meera.kapoor221@example.in,+91 9869697250,2025-09-18,True
C0222,Vivaan Iyer,Delhi,vivaan.iyer222@example.in,+91 9614262679,2025-09-25,True
C0223,Sai Katkar,Delhi,sai.katkar223@example.in,+91 9480769672,2025-11-30,True
C0224,Aarav Verma,Pune,aarav.verma224@example.in,+91 9875073781,2025-09-18,True
C0225,Nikhil Chopra,Ahmedabad,nikhil.chopra225@example.in,+91 9560764563,2025-10-25,True
C0226,Pooja Pillai,Mumbai,pooja.pillai226@example.in,+91 9244749039,2025-11-30,True
C0227,Varun Katkar,Kolkata,varun.katkar227@example.in,+91 9171715965,2026-01-11,True
C0228,Aditi Menon,Kolkata,aditi.menon228@example.in,+91 9266017224,2026-01-12,True
C0229,Tara Joshi,Chennai,tara.joshi229@example.in,+91 9772403046,2025-11-24,True
C0230,Isha Kulkarni,Delhi,isha.kulkarni230@example.in,+91 9902233576,2026-01-20,True
C0231,Vivaan Nair,Bengaluru,vivaan.nair231@example.in,+91 9993426784,2025-11-27,True
C0232,Myra Reddy,Pune,myra.reddy232@example.in,+91 9965705247,2026-01-29,True
C0233,Reyansh Kapoor,Kolkata,reyansh.kapoor233@example.in,+91 9170434363,2026-01-26,True
C0234,Aadhya Mehta,Mumbai,aadhya.mehta234@example.in,+91 9506176443,2026-08-05,True
C0235,Rohan Sharma,Chennai,rohan.sharma235@example.in,+91 9581503794,2026-08-21,True
C0236,Ira Katkar,Ahmedabad,ira.katkar236@example.in,+91 9775601887,2026-08-22,True
C0237,Varun Desai,Chennai,varun.desai237@example.in,+91 9276035190,2025-09-23,True
C0238,Meera Desai,Bengaluru,meera.desai238@example.in,+91 9474596862,2025-09-26,True
C0239,Rohan Kulkarni,Chennai,rohan.kulkarni239@example.in,+91 9270459799,2025-11-27,True
C0240,Vihaan Pillai,Delhi,vihaan.pillai240@example.in,+91 9116381649,2026-01-28,True
C0241,Aadhya Kapoor,Jaipur,aadhya.kapoor241@example.in,+91 9328209953,2026-01-09,True
C0242,Arjun Sharma,Pune,arjun.sharma242@example.in,+91 9229356340,2025-09-21,True
C0243,Nikhil Shah,Jaipur,nikhil.shah243@example.in,+91 9632899391,2026-01-09,True
C0244,Pooja Joshi,Pune,pooja.joshi244@example.in,+91 9693483262,2025-11-20,True
C0245,Navya Reddy,Delhi,navya.reddy245@example.in,+91 9388416402,2025-11-13,True
C0246,Kavya Chopra,Jaipur,kavya.chopra246@example.in,+91 9783428811,2025-10-26,True
C0247,Anika Joshi,Delhi,anika.joshi247@example.in,+91 9819138076,2025-09-21,True
C0248,Pari Katkar,Mumbai,pari.katkar248@example.in,+91 9701766759,2026-01-26,True
C0249,Arjun Joshi,Kochi,arjun.joshi249@example.in,+91 9641400954,2025-11-13,True
C0250,Ayaan Rao,Mumbai,ayaan.rao250@example.in,+91 9733509030,2026-01-17,True
C0251,Priya Kapoor,Ahmedabad,priya.kapoor251@example.in,+91 9827490985,2026-01-12,True
C0252,Reyansh Sharma,Chennai,reyansh.sharma252@example.in,+91 9569761855,2026-01-22,True
C0253,Kabir Mehta,Jaipur,kabir.mehta253@example.in,+91 9286987362,2025-11-13,True
C0254,Anika Mehta,Mumbai,anika.mehta254@example.in,+91 9824500239,2025-11-23,True
C0255,Aditi Katkar,Pune,aditi.katkar255@example.in,+91 9850982227,2025-10-01,True
C0256,Aarav Bose,Hyderabad,aarav.bose256@example.in,+91 9854165183,2025-09-26,True
C0257,Tanvi Rao,Hyderabad,tanvi.rao257@example.in,+91 9559294557,2025-11-10,False
C0258,Diya Reddy,Chennai,diya.reddy258@example.in,+91 9981528300,2026-01-19,True
C0259,Sai Shah,Kochi,sai.shah259@example.in,+91 9471689210,2025-11-28,True
C0260,Ira Kapoor,Chennai,ira.kapoor260@example.in,+91 9233062035,2025-10-22,True
C0261,Tara Patel,Mumbai,tara.patel261@example.in,+91 9240552800,2026-01-27,False
C0262,Nikhil Nair,Pune,nikhil.nair262@example.in,+91 9225498077,2025-10-17,True
C0263,Dhruv Rao,Delhi,dhruv.rao263@example.in,+91 9811560138,2025-11-28,True
C0264,Pari Gupta,Chennai,pari.gupta264@example.in,+91 9211436438,2026-01-28,True
C0265,Sneha Kapoor,Pune,sneha.kapoor265@example.in,+91 9831062826,2025-10-22,True
C0266,Pari Pillai,Ahmedabad,pari.pillai266@example.in,+91 9486501403,2026-01-26,True
C0267,Ira Reddy,Kolkata,ira.reddy267@example.in,+91 9467933998,2026-08-06,True
C0268,Aditi Nair,Mumbai,aditi.nair268@example.in,+91 9937787043,2026-01-09,True
C0269,Aditi Patel,Kochi,aditi.patel269@example.in,+91 9197319031,2025-11-19,True
C0270,Myra Kulkarni,Hyderabad,myra.kulkarni270@example.in,+91 9583837548,2025-09-29,True
C0271,Tara Joshi,Kolkata,tara.joshi271@example.in,+91 9747900614,2026-01-21,False
C0272,Reyansh Rao,Pune,reyansh.rao272@example.in,+91 9186132516,2026-01-14,True
C0273,Myra Kulkarni,Bengaluru,myra.kulkarni273@example.in,+91 9741047557,2025-10-14,True
C0274,Pari Singh,Kochi,pari.singh274@example.in,+91 9750763765,2025-10-13,True
C0275,Aditya Chopra,Ahmedabad,aditya.chopra275@example.in,+91 9440687022,2026-01-24,True
C0276,Dhruv Patel,Mumbai,dhruv.patel276@example.in,+91 9846884077,2025-09-14,True
C0277,Krishna Gupta,Jaipur,krishna.gupta277@example.in,+91 9862670500,2025-09-12,True
C0278,Aditya Menon,Mumbai,aditya.menon278@example.in,+91 9141177994,2025-09-27,True
C0279,Ayaan Desai,Pune,ayaan.desai279@example.in,+91 9765107751,2025-09-17,True
C0280,Vivaan Desai,Bengaluru,vivaan.desai280@example.in,+91 9817281448,2025-10-22,True
C0281,Ira Joshi,Pune,ira.joshi281@example.in,+91 9438464507,2025-11-17,True
C0282,Meera Verma,Ahmedabad,meera.verma282@example.in,+91 9701538833,2025-09-27,True
C0283,Tanvi Shah,Mumbai,tanvi.shah283@example.in,+91 9300860728,2025-09-16,True
C0284,Atharv Sharma,Jaipur,atharv.sharma284@example.in,+91 9573824159,2025-11-19,True
C0285,Pooja Kulkarni,Jaipur,pooja.kulkarni285@example.in,+91 9626054427,2026-08-04,True
C0286,Kabir Kapoor,Hyderabad,kabir.kapoor286@example.in,+91 9404537096,2026-08-07,True
C0287,Meera Desai,Kolkata,meera.desai287@example.in,+91 9924710744,2026-01-21,True
C0288,Saanvi Menon,Bengaluru,saanvi.menon288@example.in,+91 9135334595,2026-08-02,True
C0289,Anika Gupta,Pune,anika.gupta289@example.in,+91 9899687998,2026-08-19,True
C0290,Sneha Kapoor,Chennai,sneha.kapoor290@example.in,+91 9935381598,2026-08-04,True
C0291,Vihaan Rao,Ahmedabad,vihaan.rao291@example.in,+91 9407428217,2025-11-25,True
C0292,Varun Chopra,Mumbai,varun.chopra292@example.in,+91 9422019694,2025-09-18,True
C0293,Vivaan Gupta,Ahmedabad,vivaan.gupta293@example.in,+91 9236577413,2025-10-28,True
C0294,Ayaan Iyer,Kochi,ayaan.iyer294@example.in,+91 9106373940,2025-10-25,True
C0295,Aditya Patel,Kochi,aditya.patel295@example.in,+91 9541831543,2026-08-04,True
C0296,Pari Menon,Kochi,pari.menon296@example.in,+91 9620938071,2025-09-27,True
C0297,Aarav Menon,Kolkata,aarav.menon297@example.in,+91 9783095199,2025-10-18,True
C0298,Neha Verma,Bengaluru,neha.verma298@example.in,+91 9538710851,2025-09-14,True
C0299,Ayaan Reddy,Delhi,ayaan.reddy299@example.in,+91 9790717117,2026-08-02,True
C0300,Varun Singh,Jaipur,varun.singh300@example.in,+91 9690328228,2026-01-20,True
C0301,Diya Rao,Mumbai,diya.rao301@example.in,+91 9138100363,2025-10-11,True
C0302,Vismaya Rao,Mumbai,vismaya.rao302@example.in,+91 9631578680,2025-10-01,False
C0303,Anika Menon,Bengaluru,anika.menon303@example.in,+91 9511633360,2025-09-20,True
C0304,Pooja Verma,Kolkata,pooja.verma304@example.in,+91 9878794450,2025-10-17,False
C0305,Pari Iyer,Ahmedabad,pari.iyer305@example.in,+91 9364625580,2025-10-17,True
C0306,Riya Kulkarni,Pune,riya.kulkarni306@example.in,+91 9223551729,2025-11-14,True
C0307,Pari Joshi,Bengaluru,pari.joshi307@example.in,+91 9231513111,2025-11-24,True
C0308,Anika Iyer,Kolkata,anika.iyer308@example.in,+91 9301186336,2026-08-03,True
C0309,Myra Reddy,Jaipur,myra.reddy309@example.in,+91 9811325175,2026-08-10,True
C0310,Vismaya Katkar,Hyderabad,vismaya.katkar310@example.in,+91 9755237300,2025-09-25,True
C0311,Aditi Pillai,Jaipur,aditi.pillai311@example.in,+91 9915883360,2025-09-29,True
C0312,Pari Iyer,Hyderabad,pari.iyer312@example.in,+91 9146381444,2025-09-12,True
C0313,Ayaan Bose,Bengaluru,ayaan.bose313@example.in,+91 9434066262,2026-01-09,True
C0314,Navya Bose,Kolkata,navya.bose314@example.in,+91 9558179554,2025-10-01,True
C0315,Vivaan Singh,Kochi,vivaan.singh315@example.in,+91 9413523092,2026-01-23,True
C0316,Myra Nair,Kochi,myra.nair316@example.in,+91 9426535347,2026-08-20,True
C0317,Ishaan Gupta,Chennai,ishaan.gupta317@example.in,+91 9852573046,2025-10-24,True
C0318,Ananya Bose,Mumbai,ananya.bose318@example.in,+91 9712979346,2026-01-23,True
C0319,Aditi Desai,Delhi,aditi.desai319@example.in,+91 9419997893,2025-09-16,True
C0320,Navya Katkar,Kochi,navya.katkar320@example.in,+91 9145754525,2025-10-17,True
